Time (Sec);S29;S10;S11;S12;S13;S31;S34;S36;S37;S38;S39;S40;S41;S42;S43;S44;S45;S46;S47;S48;S49;S50;
0.0;19160.0;100.0;100.0;100.0;100.0;100.0;100.0;100.0;100.0;100.0;100.0;100.0;100.0;100.0;100.0;100.0;100.0;100.0;100.0;100.0;100.0;100.0;
0.10634000000000002;19160.0;98.94599999999998;98.94599999999998;98.87735999999998;98.87735999999998;98.94599999999998;98.94599999999998;98.94599999999998;98.94599999999998;98.94599999999998;98.94599999999998;98.94599999999998;98.94599999999998;98.60279999999999;98.94599999999998;98.94599999999998;98.94599999999998;98.94599999999998;98.60279999999999;98.94599999999998;98.94599999999998;98.94599999999998;
0.2063400000000001;19160.0;98.94549999999997;98.94549999999997;98.87685999999997;98.87685999999997;98.94549999999997;98.94549999999997;98.94549999999997;98.94549999999997;98.94549999999997;98.94549999999997;98.94549999999997;98.94549999999997;98.60229999999997;98.94549999999997;98.94549999999997;98.94549999999997;98.94549999999997;98.60229999999997;98.94549999999997;98.94549999999997;98.94549999999997;
0.3063399999999999;19160.0;98.94499999999995;98.94499999999995;98.87635999999995;98.87635999999995;98.94499999999995;98.94499999999995;98.94499999999995;98.94499999999995;98.94499999999995;98.94499999999995;98.94499999999995;98.94499999999995;98.60179999999995;98.94499999999995;98.94499999999995;98.94499999999995;98.94499999999995;98.60179999999995;98.94499999999995;98.94499999999995;98.94499999999995;
0.4063399999999994;19160.0;98.94449999999993;98.94449999999993;98.87585999999993;98.87585999999993;98.94449999999993;98.94449999999993;98.94449999999993;98.94449999999993;98.94449999999993;98.94449999999993;98.94449999999993;98.94449999999993;98.60129999999994;98.94449999999993;98.94449999999993;98.94449999999993;98.94449999999993;98.60129999999994;98.94449999999993;98.94449999999993;98.94449999999993;
0.506339999999999;19160.0;98.94399999999992;98.94399999999992;98.87535999999992;98.87535999999992;98.94399999999992;98.94399999999992;98.94399999999992;98.94399999999992;98.94399999999992;98.94399999999992;98.94399999999992;98.94399999999992;98.60079999999992;98.94399999999992;98.94399999999992;98.94399999999992;98.94399999999992;98.60079999999992;98.94399999999992;98.94399999999992;98.94399999999992;
0.6063399999999991;19160.0;98.9434999999999;98.9434999999999;98.8748599999999;98.8748599999999;98.9434999999999;98.9434999999999;98.9434999999999;98.9434999999999;98.9434999999999;98.9434999999999;98.9434999999999;98.9434999999999;98.6002999999999;98.9434999999999;98.9434999999999;98.9434999999999;98.9434999999999;98.6002999999999;98.9434999999999;98.9434999999999;98.9434999999999;
0.7063399999999992;19160.0;98.94299999999988;98.94299999999988;98.87435999999988;98.87435999999988;98.94299999999988;98.94299999999988;98.94299999999988;98.94299999999988;98.94299999999988;98.94299999999988;98.94299999999988;98.94299999999988;98.59979999999989;98.94299999999988;98.94299999999988;98.94299999999988;98.94299999999988;98.59979999999989;98.94299999999988;98.94299999999988;98.94299999999988;
0.8063399999999993;19160.0;98.94249999999987;98.94249999999987;98.87385999999987;98.87385999999987;98.94249999999987;98.94249999999987;98.94249999999987;98.94249999999987;98.94249999999987;98.94249999999987;98.94249999999987;98.94249999999987;98.59929999999987;98.94249999999987;98.94249999999987;98.94249999999987;98.94249999999987;98.59929999999987;98.94249999999987;98.94249999999987;98.94249999999987;
0.9063399999999994;19160.0;98.94199999999985;98.94199999999985;98.87335999999985;98.87335999999985;98.94199999999985;98.94199999999985;98.94199999999985;98.94199999999985;98.94199999999985;98.94199999999985;98.94199999999985;98.94199999999985;98.59879999999986;98.94199999999985;98.94199999999985;98.94199999999985;98.94199999999985;98.59879999999986;98.94199999999985;98.94199999999985;98.94199999999985;
1.0063399999999996;19160.0;98.94149999999983;98.94149999999983;98.87285999999983;98.87285999999983;98.94149999999983;98.94149999999983;98.94149999999983;98.94149999999983;98.94149999999983;98.94149999999983;98.94149999999983;98.94149999999983;98.59829999999984;98.94149999999983;98.94149999999983;98.94149999999983;98.94149999999983;98.59829999999984;98.94149999999983;98.94149999999983;98.94149999999983;
1.1063399999999997;19160.0;98.94099999999982;98.94099999999982;98.87235999999982;98.87235999999982;98.94099999999982;98.94099999999982;98.94099999999982;98.94099999999982;98.94099999999982;98.94099999999982;98.94099999999982;98.94099999999982;98.59779999999982;98.94099999999982;98.94099999999982;98.94099999999982;98.94099999999982;98.59779999999982;98.94099999999982;98.94099999999982;98.94099999999982;
1.2063399999999997;19160.0;98.9404999999998;98.9404999999998;98.8718599999998;98.8718599999998;98.9404999999998;98.9404999999998;98.9404999999998;98.9404999999998;98.9404999999998;98.9404999999998;98.9404999999998;98.9404999999998;98.5972999999998;98.9404999999998;98.9404999999998;98.9404999999998;98.9404999999998;98.5972999999998;98.9404999999998;98.9404999999998;98.9404999999998;
1.3063399999999998;19160.0;98.93999999999978;98.93999999999978;98.87135999999978;98.87135999999978;98.93999999999978;98.93999999999978;98.93999999999978;98.93999999999978;98.93999999999978;98.93999999999978;98.93999999999978;98.93999999999978;98.59679999999979;98.93999999999978;98.93999999999978;98.93999999999978;98.93999999999978;98.59679999999979;98.93999999999978;98.93999999999978;98.93999999999978;
1.40634;19160.0;98.93949999999977;98.93949999999977;98.87085999999977;98.87085999999977;98.93949999999977;98.93949999999977;98.93949999999977;98.93949999999977;98.93949999999977;98.93949999999977;98.93949999999977;98.93949999999977;98.59629999999977;98.93949999999977;98.93949999999977;98.93949999999977;98.93949999999977;98.59629999999977;98.93949999999977;98.93949999999977;98.93949999999977;
1.50634;19160.0;98.93899999999975;98.93899999999975;98.87035999999975;98.87035999999975;98.93899999999975;98.93899999999975;98.93899999999975;98.93899999999975;98.93899999999975;98.93899999999975;98.93899999999975;98.93899999999975;98.59579999999976;98.93899999999975;98.93899999999975;98.93899999999975;98.93899999999975;98.59579999999976;98.93899999999975;98.93899999999975;98.93899999999975;
1.60634;19160.0;98.93849999999973;98.93849999999973;98.86985999999973;98.86985999999973;98.93849999999973;98.93849999999973;98.93849999999973;98.93849999999973;98.93849999999973;98.93849999999973;98.93849999999973;98.93849999999973;98.59529999999974;98.93849999999973;98.93849999999973;98.93849999999973;98.93849999999973;98.59529999999974;98.93849999999973;98.93849999999973;98.93849999999973;
1.7063400000000002;19160.0;98.93799999999972;98.93799999999972;98.86935999999972;98.86935999999972;98.93799999999972;98.93799999999972;98.93799999999972;98.93799999999972;98.93799999999972;98.93799999999972;98.93799999999972;98.93799999999972;98.59479999999972;98.93799999999972;98.93799999999972;98.93799999999972;98.93799999999972;98.59479999999972;98.93799999999972;98.93799999999972;98.93799999999972;
1.8063400000000003;19160.0;98.9374999999997;98.9374999999997;98.8688599999997;98.8688599999997;98.9374999999997;98.9374999999997;98.9374999999997;98.9374999999997;98.9374999999997;98.9374999999997;98.9374999999997;98.9374999999997;98.5942999999997;98.9374999999997;98.9374999999997;98.9374999999997;98.9374999999997;98.5942999999997;98.9374999999997;98.9374999999997;98.9374999999997;
1.9063400000000004;19160.0;98.93699999999968;98.93699999999968;98.86835999999968;98.86835999999968;98.93699999999968;98.93699999999968;98.93699999999968;98.93699999999968;98.93699999999968;98.93699999999968;98.93699999999968;98.93699999999968;98.59379999999969;98.93699999999968;98.93699999999968;98.93699999999968;98.93699999999968;98.59379999999969;98.93699999999968;98.93699999999968;98.93699999999968;
2.0063400000000002;19160.0;98.93649999999967;98.93649999999967;98.86785999999967;98.86785999999967;98.93649999999967;98.93649999999967;98.93649999999967;98.93649999999967;98.93649999999967;98.93649999999967;98.93649999999967;98.93649999999967;98.59329999999967;98.93649999999967;98.93649999999967;98.93649999999967;98.93649999999967;98.59329999999967;98.93649999999967;98.93649999999967;98.93649999999967;
2.106339999999998;19160.0;98.93599999999965;98.93599999999965;98.86735999999965;98.86735999999965;98.93599999999965;98.93599999999965;98.93599999999965;98.93599999999965;98.93599999999965;98.93599999999965;98.93599999999965;98.93599999999965;98.59279999999966;98.93599999999965;98.93599999999965;98.93599999999965;98.93599999999965;98.59279999999966;98.93599999999965;98.93599999999965;98.93599999999965;
2.206339999999996;19160.0;98.93549999999964;98.93549999999964;98.86685999999963;98.86685999999963;98.93549999999964;98.93549999999964;98.93549999999964;98.93549999999964;98.93549999999964;98.93549999999964;98.93549999999964;98.93549999999964;98.59229999999964;98.93549999999964;98.93549999999964;98.93549999999964;98.93549999999964;98.59229999999964;98.93549999999964;98.93549999999964;98.93549999999964;
2.306339999999994;19160.0;98.93499999999962;98.93499999999962;98.86635999999962;98.86635999999962;98.93499999999962;98.93499999999962;98.93499999999962;98.93499999999962;98.93499999999962;98.93499999999962;98.93499999999962;98.93499999999962;98.59179999999962;98.93499999999962;98.93499999999962;98.93499999999962;98.93499999999962;98.59179999999962;98.93499999999962;98.93499999999962;98.93499999999962;
2.4063399999999917;19160.0;98.9344999999996;98.9344999999996;98.8658599999996;98.8658599999996;98.9344999999996;98.9344999999996;98.9344999999996;98.9344999999996;98.9344999999996;98.9344999999996;98.9344999999996;98.9344999999996;98.5912999999996;98.9344999999996;98.9344999999996;98.9344999999996;98.9344999999996;98.5912999999996;98.9344999999996;98.9344999999996;98.9344999999996;
2.5063399999999896;19160.0;98.93399999999959;98.93399999999959;98.86535999999958;98.86535999999958;98.93399999999959;98.93399999999959;98.93399999999959;98.93399999999959;98.93399999999959;98.93399999999959;98.93399999999959;98.93399999999959;98.59079999999959;98.93399999999959;98.93399999999959;98.93399999999959;98.93399999999959;98.59079999999959;98.93399999999959;98.93399999999959;98.93399999999959;
2.6063399999999874;19160.0;98.93349999999957;98.93349999999957;98.86485999999957;98.86485999999957;98.93349999999957;98.93349999999957;98.93349999999957;98.93349999999957;98.93349999999957;98.93349999999957;98.93349999999957;98.93349999999957;98.59029999999957;98.93349999999957;98.93349999999957;98.93349999999957;98.93349999999957;98.59029999999957;98.93349999999957;98.93349999999957;98.93349999999957;
2.7063399999999853;19160.0;98.93299999999955;98.93299999999955;98.86435999999955;98.86435999999955;98.93299999999955;98.93299999999955;98.93299999999955;98.93299999999955;98.93299999999955;98.93299999999955;98.93299999999955;98.93299999999955;98.58979999999956;98.93299999999955;98.93299999999955;98.93299999999955;98.93299999999955;98.58979999999956;98.93299999999955;98.93299999999955;98.93299999999955;
2.806339999999983;19160.0;98.93249999999954;98.93249999999954;98.86385999999953;98.86385999999953;98.93249999999954;98.93249999999954;98.93249999999954;98.93249999999954;98.93249999999954;98.93249999999954;98.93249999999954;98.93249999999954;98.58929999999954;98.93249999999954;98.93249999999954;98.93249999999954;98.93249999999954;98.58929999999954;98.93249999999954;98.93249999999954;98.93249999999954;
2.906339999999981;19160.0;98.93199999999952;98.93199999999952;98.86335999999952;98.86335999999952;98.93199999999952;98.93199999999952;98.93199999999952;98.93199999999952;98.93199999999952;98.93199999999952;98.93199999999952;98.93199999999952;98.58879999999952;98.93199999999952;98.93199999999952;98.93199999999952;98.93199999999952;98.58879999999952;98.93199999999952;98.93199999999952;98.93199999999952;
3.006339999999979;19160.0;98.9314999999995;98.9314999999995;98.8628599999995;98.8628599999995;98.9314999999995;98.9314999999995;98.9314999999995;98.9314999999995;98.9314999999995;98.9314999999995;98.9314999999995;98.9314999999995;98.5882999999995;98.9314999999995;98.9314999999995;98.9314999999995;98.9314999999995;98.5882999999995;98.9314999999995;98.9314999999995;98.9314999999995;
3.106339999999977;19160.0;98.93099999999949;98.93099999999949;98.86235999999948;98.86235999999948;98.93099999999949;98.93099999999949;98.93099999999949;98.93099999999949;98.93099999999949;98.93099999999949;98.93099999999949;98.93099999999949;98.58779999999949;98.93099999999949;98.93099999999949;98.93099999999949;98.93099999999949;98.58779999999949;98.93099999999949;98.93099999999949;98.93099999999949;
3.2063399999999747;19160.0;98.93049999999947;98.93049999999947;98.86185999999947;98.86185999999947;98.93049999999947;98.93049999999947;98.93049999999947;98.93049999999947;98.93049999999947;98.93049999999947;98.93049999999947;98.93049999999947;98.58729999999947;98.93049999999947;98.93049999999947;98.93049999999947;98.93049999999947;98.58729999999947;98.93049999999947;98.93049999999947;98.93049999999947;
3.3063399999999725;19160.0;98.92999999999945;98.92999999999945;98.86135999999945;98.86135999999945;98.92999999999945;98.92999999999945;98.92999999999945;98.92999999999945;98.92999999999945;98.92999999999945;98.92999999999945;98.92999999999945;98.58679999999946;98.92999999999945;98.92999999999945;98.92999999999945;98.92999999999945;98.58679999999946;98.92999999999945;98.92999999999945;98.92999999999945;
3.4063399999999704;19160.0;98.92949999999944;98.92949999999944;98.86085999999943;98.86085999999943;98.92949999999944;98.92949999999944;98.92949999999944;98.92949999999944;98.92949999999944;98.92949999999944;98.92949999999944;98.92949999999944;98.58629999999944;98.92949999999944;98.92949999999944;98.92949999999944;98.92949999999944;98.58629999999944;98.92949999999944;98.92949999999944;98.92949999999944;
3.5063399999999683;19160.0;98.92899999999942;98.92899999999942;98.86035999999942;98.86035999999942;98.92899999999942;98.92899999999942;98.92899999999942;98.92899999999942;98.92899999999942;98.92899999999942;98.92899999999942;98.92899999999942;98.58579999999942;98.92899999999942;98.92899999999942;98.92899999999942;98.92899999999942;98.58579999999942;98.92899999999942;98.92899999999942;98.92899999999942;
3.606339999999966;19160.0;98.9284999999994;98.9284999999994;98.8598599999994;98.8598599999994;98.9284999999994;98.9284999999994;98.9284999999994;98.9284999999994;98.9284999999994;98.9284999999994;98.9284999999994;98.9284999999994;98.5852999999994;98.9284999999994;98.9284999999994;98.9284999999994;98.9284999999994;98.5852999999994;98.9284999999994;98.9284999999994;98.9284999999994;
3.706339999999964;19160.0;98.92799999999939;98.92799999999939;98.85935999999938;98.85935999999938;98.92799999999939;98.92799999999939;98.92799999999939;98.92799999999939;98.92799999999939;98.92799999999939;98.92799999999939;98.92799999999939;98.58479999999939;98.92799999999939;98.92799999999939;98.92799999999939;98.92799999999939;98.58479999999939;98.92799999999939;98.92799999999939;98.92799999999939;
3.806339999999962;19160.0;98.92749999999937;98.92749999999937;98.85885999999937;98.85885999999937;98.92749999999937;98.92749999999937;98.92749999999937;98.92749999999937;98.92749999999937;98.92749999999937;98.92749999999937;98.92749999999937;98.58429999999937;98.92749999999937;98.92749999999937;98.92749999999937;98.92749999999937;98.58429999999937;98.92749999999937;98.92749999999937;98.92749999999937;
3.9063399999999597;19160.0;98.92699999999935;98.92699999999935;98.85835999999935;98.85835999999935;98.92699999999935;98.92699999999935;98.92699999999935;98.92699999999935;98.92699999999935;98.92699999999935;98.92699999999935;98.92699999999935;98.58379999999936;98.92699999999935;98.92699999999935;98.92699999999935;98.92699999999935;98.58379999999936;98.92699999999935;98.92699999999935;98.92699999999935;
4.006339999999958;19160.0;98.92649999999934;98.92649999999934;98.85785999999933;98.85785999999933;98.92649999999934;98.92649999999934;98.92649999999934;98.92649999999934;98.92649999999934;98.92649999999934;98.92649999999934;98.92649999999934;98.58329999999934;98.92649999999934;98.92649999999934;98.92649999999934;98.92649999999934;98.58329999999934;98.92649999999934;98.92649999999934;98.92649999999934;
4.106339999999965;19160.0;98.92599999999932;98.92599999999932;98.85735999999932;98.85735999999932;98.92599999999932;98.92599999999932;98.92599999999932;98.92599999999932;98.92599999999932;98.92599999999932;98.92599999999932;98.92599999999932;98.58279999999932;98.92599999999932;98.92599999999932;98.92599999999932;98.92599999999932;98.58279999999932;98.92599999999932;98.92599999999932;98.92599999999932;
4.2063399999999715;19160.0;98.9254999999993;98.9254999999993;98.8568599999993;98.8568599999993;98.9254999999993;98.9254999999993;98.9254999999993;98.9254999999993;98.9254999999993;98.9254999999993;98.9254999999993;98.9254999999993;98.58229999999931;98.9254999999993;98.9254999999993;98.9254999999993;98.9254999999993;98.58229999999931;98.9254999999993;98.9254999999993;98.9254999999993;
4.306339999999978;19160.0;98.92499999999929;98.92499999999929;98.85635999999928;98.85635999999928;98.92499999999929;98.92499999999929;98.92499999999929;98.92499999999929;98.92499999999929;98.92499999999929;98.92499999999929;98.92499999999929;98.58179999999929;98.92499999999929;98.92499999999929;98.92499999999929;98.92499999999929;98.58179999999929;98.92499999999929;98.92499999999929;98.92499999999929;
4.406339999999985;19160.0;98.92449999999927;98.92449999999927;98.85585999999927;98.85585999999927;98.92449999999927;98.92449999999927;98.92449999999927;98.92449999999927;98.92449999999927;98.92449999999927;98.92449999999927;98.92449999999927;98.58129999999927;98.92449999999927;98.92449999999927;98.92449999999927;98.92449999999927;98.58129999999927;98.92449999999927;98.92449999999927;98.92449999999927;
4.506339999999992;19160.0;98.92399999999925;98.92399999999925;98.85535999999925;98.85535999999925;98.92399999999925;98.92399999999925;98.92399999999925;98.92399999999925;98.92399999999925;98.92399999999925;98.92399999999925;98.92399999999925;98.58079999999926;98.92399999999925;98.92399999999925;98.92399999999925;98.92399999999925;98.58079999999926;98.92399999999925;98.92399999999925;98.92399999999925;
4.6063399999999985;19160.0;98.92349999999924;98.92349999999924;98.85485999999923;98.85485999999923;98.92349999999924;98.92349999999924;98.92349999999924;98.92349999999924;98.92349999999924;98.92349999999924;98.92349999999924;98.92349999999924;98.58029999999924;98.92349999999924;98.92349999999924;98.92349999999924;98.92349999999924;98.58029999999924;98.92349999999924;98.92349999999924;98.92349999999924;
4.706340000000005;19160.0;98.92299999999922;98.92299999999922;98.85435999999922;98.85435999999922;98.92299999999922;98.92299999999922;98.92299999999922;98.92299999999922;98.92299999999922;98.92299999999922;98.92299999999922;98.92299999999922;98.57979999999922;98.92299999999922;98.92299999999922;98.92299999999922;98.92299999999922;98.57979999999922;98.92299999999922;98.92299999999922;98.92299999999922;
4.806340000000012;19160.0;98.9224999999992;98.9224999999992;98.8538599999992;98.8538599999992;98.9224999999992;98.9224999999992;98.9224999999992;98.9224999999992;98.9224999999992;98.9224999999992;98.9224999999992;98.9224999999992;98.57929999999921;98.9224999999992;98.9224999999992;98.9224999999992;98.9224999999992;98.57929999999921;98.9224999999992;98.9224999999992;98.9224999999992;
4.906340000000019;19160.0;98.92199999999919;98.92199999999919;98.85335999999918;98.85335999999918;98.92199999999919;98.92199999999919;98.92199999999919;98.92199999999919;98.92199999999919;98.92199999999919;98.92199999999919;98.92199999999919;98.57879999999919;98.92199999999919;98.92199999999919;98.92199999999919;98.92199999999919;98.57879999999919;98.92199999999919;98.92199999999919;98.92199999999919;
5.0063400000000255;19160.0;98.92149999999917;98.92149999999917;98.85285999999917;98.85285999999917;98.92149999999917;98.92149999999917;98.92149999999917;98.92149999999917;98.92149999999917;98.92149999999917;98.92149999999917;98.92149999999917;98.57829999999917;98.92149999999917;98.92149999999917;98.92149999999917;98.92149999999917;98.57829999999917;98.92149999999917;98.92149999999917;98.92149999999917;
5.106340000000032;19160.0;98.92099999999915;98.92099999999915;98.85235999999915;98.85235999999915;98.92099999999915;98.92099999999915;98.92099999999915;98.92099999999915;98.92099999999915;98.92099999999915;98.92099999999915;98.92099999999915;98.57779999999916;98.92099999999915;98.92099999999915;98.92099999999915;98.92099999999915;98.57779999999916;98.92099999999915;98.92099999999915;98.92099999999915;
5.206340000000039;19160.0;98.92049999999914;98.92049999999914;98.85185999999914;98.85185999999914;98.92049999999914;98.92049999999914;98.92049999999914;98.92049999999914;98.92049999999914;98.92049999999914;98.92049999999914;98.92049999999914;98.57729999999914;98.92049999999914;98.92049999999914;98.92049999999914;98.92049999999914;98.57729999999914;98.92049999999914;98.92049999999914;98.92049999999914;
5.306340000000046;19160.0;98.91999999999912;98.91999999999912;98.85135999999912;98.85135999999912;98.91999999999912;98.91999999999912;98.91999999999912;98.91999999999912;98.91999999999912;98.91999999999912;98.91999999999912;98.91999999999912;98.57679999999912;98.91999999999912;98.91999999999912;98.91999999999912;98.91999999999912;98.57679999999912;98.91999999999912;98.91999999999912;98.91999999999912;
5.4063400000000525;19160.0;98.9194999999991;98.9194999999991;98.8508599999991;98.8508599999991;98.9194999999991;98.9194999999991;98.9194999999991;98.9194999999991;98.9194999999991;98.9194999999991;98.9194999999991;98.9194999999991;98.57629999999911;98.9194999999991;98.9194999999991;98.9194999999991;98.9194999999991;98.57629999999911;98.9194999999991;98.9194999999991;98.9194999999991;
5.506340000000059;19160.0;98.91899999999909;98.91899999999909;98.85035999999909;98.85035999999909;98.91899999999909;98.91899999999909;98.91899999999909;98.91899999999909;98.91899999999909;98.91899999999909;98.91899999999909;98.91899999999909;98.57579999999909;98.91899999999909;98.91899999999909;98.91899999999909;98.91899999999909;98.57579999999909;98.91899999999909;98.91899999999909;98.91899999999909;
5.606340000000066;19160.0;98.91849999999907;98.91849999999907;98.84985999999907;98.84985999999907;98.91849999999907;98.91849999999907;98.91849999999907;98.91849999999907;98.91849999999907;98.91849999999907;98.91849999999907;98.91849999999907;98.57529999999907;98.91849999999907;98.91849999999907;98.91849999999907;98.91849999999907;98.57529999999907;98.91849999999907;98.91849999999907;98.91849999999907;
5.706340000000073;19160.0;98.91799999999905;98.91799999999905;98.84935999999905;98.84935999999905;98.91799999999905;98.91799999999905;98.91799999999905;98.91799999999905;98.91799999999905;98.91799999999905;98.91799999999905;98.91799999999905;98.57479999999906;98.91799999999905;98.91799999999905;98.91799999999905;98.91799999999905;98.57479999999906;98.91799999999905;98.91799999999905;98.91799999999905;
5.8063400000000795;19160.0;98.91749999999904;98.91749999999904;98.84885999999904;98.84885999999904;98.91749999999904;98.91749999999904;98.91749999999904;98.91749999999904;98.91749999999904;98.91749999999904;98.91749999999904;98.91749999999904;98.57429999999904;98.91749999999904;98.91749999999904;98.91749999999904;98.91749999999904;98.57429999999904;98.91749999999904;98.91749999999904;98.91749999999904;
5.906340000000086;19160.0;98.91699999999902;98.91699999999902;98.84835999999902;98.84835999999902;98.91699999999902;98.91699999999902;98.91699999999902;98.91699999999902;98.91699999999902;98.91699999999902;98.91699999999902;98.91699999999902;98.57379999999903;98.91699999999902;98.91699999999902;98.91699999999902;98.91699999999902;98.57379999999903;98.91699999999902;98.91699999999902;98.91699999999902;
6.000000000000004;19160.0;98.91659999999901;98.91659999999901;98.847859999999;98.847859999999;98.91659999999901;98.916499999999;98.916499999999;98.91659999999901;98.916499999999;98.916499999999;98.91659999999901;98.916499999999;98.57329999999901;98.91659999999901;98.916499999999;98.916499999999;98.91659999999901;98.57329999999901;98.91659999999901;98.91659999999901;98.91659999999901;
6.1063400000001;19160.0;98.91599999999899;98.91599999999899;98.84735999999899;98.84735999999899;98.91599999999899;98.91599999999899;98.91599999999899;98.91599999999899;98.91599999999899;98.91599999999899;98.91599999999899;98.91599999999899;98.57279999999899;98.91599999999899;98.91599999999899;98.91599999999899;98.91599999999899;98.57279999999899;98.91599999999899;98.91599999999899;98.91599999999899;
6.2063400000001065;19160.0;98.91549999999897;98.91549999999897;98.84685999999897;98.84685999999897;98.91549999999897;98.91549999999897;98.91549999999897;98.91549999999897;98.91549999999897;98.91549999999897;98.91549999999897;98.91549999999897;98.57229999999898;98.91549999999897;98.91549999999897;98.91549999999897;98.91549999999897;98.57229999999898;98.91549999999897;98.91549999999897;98.91549999999897;
6.306340000000113;19160.0;98.91499999999895;98.91499999999895;98.84635999999895;98.84635999999895;98.91499999999895;98.91499999999895;98.91499999999895;98.91499999999895;98.91499999999895;98.91499999999895;98.91499999999895;98.91499999999895;98.57179999999896;98.91499999999895;98.91499999999895;98.91499999999895;98.91499999999895;98.57179999999896;98.91499999999895;98.91499999999895;98.91499999999895;
6.40634000000012;19160.0;98.91449999999894;98.91449999999894;98.84585999999894;98.84585999999894;98.91449999999894;98.91449999999894;98.91449999999894;98.91449999999894;98.91449999999894;98.91449999999894;98.91449999999894;98.91449999999894;98.57129999999894;98.91449999999894;98.91449999999894;98.91449999999894;98.91449999999894;98.57129999999894;98.91449999999894;98.91449999999894;98.91449999999894;
6.506340000000127;19160.0;98.91399999999892;98.91399999999892;98.84535999999892;98.84535999999892;98.91399999999892;98.91399999999892;98.91399999999892;98.91399999999892;98.91399999999892;98.91399999999892;98.91399999999892;98.91399999999892;98.57079999999893;98.91399999999892;98.91399999999892;98.91399999999892;98.91399999999892;98.57079999999893;98.91399999999892;98.91399999999892;98.91399999999892;
6.6063400000001335;19160.0;98.9134999999989;98.9134999999989;98.8448599999989;98.8448599999989;98.9134999999989;98.9134999999989;98.9134999999989;98.9134999999989;98.9134999999989;98.9134999999989;98.9134999999989;98.9134999999989;98.57029999999891;98.9134999999989;98.9134999999989;98.9134999999989;98.9134999999989;98.57029999999891;98.9134999999989;98.9134999999989;98.9134999999989;
6.70634000000014;19160.0;98.91299999999889;98.91299999999889;98.84435999999889;98.84435999999889;98.91299999999889;98.91299999999889;98.91299999999889;98.91299999999889;98.91299999999889;98.91299999999889;98.91299999999889;98.91299999999889;98.56979999999889;98.91299999999889;98.91299999999889;98.91299999999889;98.91299999999889;98.56979999999889;98.91299999999889;98.91299999999889;98.91299999999889;
6.806340000000147;19160.0;98.91249999999887;98.91249999999887;98.84385999999887;98.84385999999887;98.91249999999887;98.91249999999887;98.91249999999887;98.91249999999887;98.91249999999887;98.91249999999887;98.91249999999887;98.91249999999887;98.56929999999888;98.91249999999887;98.91249999999887;98.91249999999887;98.91249999999887;98.56929999999888;98.91249999999887;98.91249999999887;98.91249999999887;
6.906340000000154;19160.0;98.91199999999886;98.91199999999886;98.84335999999885;98.84335999999885;98.91199999999886;98.91199999999886;98.91199999999886;98.91199999999886;98.91199999999886;98.91199999999886;98.91199999999886;98.91199999999886;98.56879999999886;98.91199999999886;98.91199999999886;98.91199999999886;98.91199999999886;98.56879999999886;98.91199999999886;98.91199999999886;98.91199999999886;
7.0063400000001606;19160.0;98.91149999999884;98.91149999999884;98.84285999999884;98.84285999999884;98.91149999999884;98.91149999999884;98.91149999999884;98.91149999999884;98.91149999999884;98.91149999999884;98.91149999999884;98.91149999999884;98.56829999999884;98.91149999999884;98.91149999999884;98.91149999999884;98.91149999999884;98.56829999999884;98.91149999999884;98.91149999999884;98.91149999999884;
7.106340000000167;19160.0;98.91099999999882;98.91099999999882;98.84235999999882;98.84235999999882;98.91099999999882;98.91099999999882;98.91099999999882;98.91099999999882;98.91099999999882;98.91099999999882;98.91099999999882;98.91099999999882;98.56779999999883;98.91099999999882;98.91099999999882;98.91099999999882;98.91099999999882;98.56779999999883;98.91099999999882;98.91099999999882;98.91099999999882;
7.206340000000174;19160.0;98.9104999999988;98.9104999999988;98.8418599999988;98.8418599999988;98.9104999999988;98.9104999999988;98.9104999999988;98.9104999999988;98.9104999999988;98.9104999999988;98.9104999999988;98.9104999999988;98.56729999999881;98.9104999999988;98.9104999999988;98.9104999999988;98.9104999999988;98.56729999999881;98.9104999999988;98.9104999999988;98.9104999999988;
7.306340000000181;19160.0;98.90999999999879;98.90999999999879;98.84135999999879;98.84135999999879;98.90999999999879;98.90999999999879;98.90999999999879;98.90999999999879;98.90999999999879;98.90999999999879;98.90999999999879;98.90999999999879;98.56679999999879;98.90999999999879;98.90999999999879;98.90999999999879;98.90999999999879;98.56679999999879;98.90999999999879;98.90999999999879;98.90999999999879;
7.4063400000001876;19160.0;98.90949999999877;98.90949999999877;98.84085999999877;98.84085999999877;98.90949999999877;98.90949999999877;98.90949999999877;98.90949999999877;98.90949999999877;98.90949999999877;98.90949999999877;98.90949999999877;98.56629999999878;98.90949999999877;98.90949999999877;98.90949999999877;98.90949999999877;98.56629999999878;98.90949999999877;98.90949999999877;98.90949999999877;
7.506340000000194;19160.0;98.90899999999876;98.90899999999876;98.84035999999875;98.84035999999875;98.90899999999876;98.90899999999876;98.90899999999876;98.90899999999876;98.90899999999876;98.90899999999876;98.90899999999876;98.90899999999876;98.56579999999876;98.90899999999876;98.90899999999876;98.90899999999876;98.90899999999876;98.56579999999876;98.90899999999876;98.90899999999876;98.90899999999876;
7.606340000000201;19160.0;98.90849999999874;98.90849999999874;98.83985999999874;98.83985999999874;98.90849999999874;98.90849999999874;98.90849999999874;98.90849999999874;98.90849999999874;98.90849999999874;98.90849999999874;98.90849999999874;98.56529999999874;98.90849999999874;98.90849999999874;98.90849999999874;98.90849999999874;98.56529999999874;98.90849999999874;98.90849999999874;98.90849999999874;
7.706340000000208;19160.0;98.90799999999872;98.90799999999872;98.83935999999872;98.83935999999872;98.90799999999872;98.90799999999872;98.90799999999872;98.90799999999872;98.90799999999872;98.90799999999872;98.90799999999872;98.90799999999872;98.56479999999873;98.90799999999872;98.90799999999872;98.90799999999872;98.90799999999872;98.56479999999873;98.90799999999872;98.90799999999872;98.90799999999872;
7.8063400000002146;19160.0;98.9074999999987;98.9074999999987;98.8388599999987;98.8388599999987;98.9074999999987;98.9074999999987;98.9074999999987;98.9074999999987;98.9074999999987;98.9074999999987;98.9074999999987;98.9074999999987;98.56429999999871;98.9074999999987;98.9074999999987;98.9074999999987;98.9074999999987;98.56429999999871;98.9074999999987;98.9074999999987;98.9074999999987;
7.906340000000221;19160.0;98.90699999999869;98.90699999999869;98.83835999999869;98.83835999999869;98.90699999999869;98.90699999999869;98.90699999999869;98.90699999999869;98.90699999999869;98.90699999999869;98.90699999999869;98.90699999999869;98.5637999999987;98.90699999999869;98.90699999999869;98.90699999999869;98.90699999999869;98.5637999999987;98.90699999999869;98.90699999999869;98.90699999999869;
8.006340000000227;19160.0;98.90649999999867;98.90649999999867;98.83785999999867;98.83785999999867;98.90649999999867;98.90649999999867;98.90649999999867;98.90649999999867;98.90649999999867;98.90649999999867;98.90649999999867;98.90649999999867;98.56329999999868;98.90649999999867;98.90649999999867;98.90649999999867;98.90649999999867;98.56329999999868;98.90649999999867;98.90649999999867;98.90649999999867;
8.106340000000225;19160.0;98.90599999999866;98.90599999999866;98.83735999999865;98.83735999999865;98.90599999999866;98.90599999999866;98.90599999999866;98.90599999999866;98.90599999999866;98.90599999999866;98.90599999999866;98.90599999999866;98.56279999999866;98.90599999999866;98.90599999999866;98.90599999999866;98.90599999999866;98.56279999999866;98.90599999999866;98.90599999999866;98.90599999999866;
8.206340000000223;19160.0;98.90549999999864;98.90549999999864;98.83685999999864;98.83685999999864;98.90549999999864;98.90549999999864;98.90549999999864;98.90549999999864;98.90549999999864;98.90549999999864;98.90549999999864;98.90549999999864;98.56229999999864;98.90549999999864;98.90549999999864;98.90549999999864;98.90549999999864;98.56229999999864;98.90549999999864;98.90549999999864;98.90549999999864;
8.30634000000022;19160.0;98.90499999999862;98.90499999999862;98.83635999999862;98.83635999999862;98.90499999999862;98.90499999999862;98.90499999999862;98.90499999999862;98.90499999999862;98.90499999999862;98.90499999999862;98.90499999999862;98.56179999999863;98.90499999999862;98.90499999999862;98.90499999999862;98.90499999999862;98.56179999999863;98.90499999999862;98.90499999999862;98.90499999999862;
8.406340000000219;19160.0;98.9044999999986;98.9044999999986;98.8358599999986;98.8358599999986;98.9044999999986;98.9044999999986;98.9044999999986;98.9044999999986;98.9044999999986;98.9044999999986;98.9044999999986;98.9044999999986;98.56129999999861;98.9044999999986;98.9044999999986;98.9044999999986;98.9044999999986;98.56129999999861;98.9044999999986;98.9044999999986;98.9044999999986;
8.506340000000217;19160.0;98.90399999999859;98.90399999999859;98.83535999999859;98.83535999999859;98.90399999999859;98.90399999999859;98.90399999999859;98.90399999999859;98.90399999999859;98.90399999999859;98.90399999999859;98.90399999999859;98.5607999999986;98.90399999999859;98.90399999999859;98.90399999999859;98.90399999999859;98.5607999999986;98.90399999999859;98.90399999999859;98.90399999999859;
8.606340000000214;19160.0;98.90349999999857;98.90349999999857;98.83485999999857;98.83485999999857;98.90349999999857;98.90349999999857;98.90349999999857;98.90349999999857;98.90349999999857;98.90349999999857;98.90349999999857;98.90349999999857;98.56029999999858;98.90349999999857;98.90349999999857;98.90349999999857;98.90349999999857;98.56029999999858;98.90349999999857;98.90349999999857;98.90349999999857;
8.706340000000212;19160.0;98.90299999999856;98.90299999999856;98.83435999999855;98.83435999999855;98.90299999999856;98.90299999999856;98.90299999999856;98.90299999999856;98.90299999999856;98.90299999999856;98.90299999999856;98.90299999999856;98.55979999999856;98.90299999999856;98.90299999999856;98.90299999999856;98.90299999999856;98.55979999999856;98.90299999999856;98.90299999999856;98.90299999999856;
8.80634000000021;19160.0;98.90249999999854;98.90249999999854;98.83385999999854;98.83385999999854;98.90249999999854;98.90249999999854;98.90249999999854;98.90249999999854;98.90249999999854;98.90249999999854;98.90249999999854;98.90249999999854;98.55929999999854;98.90249999999854;98.90249999999854;98.90249999999854;98.90249999999854;98.55929999999854;98.90249999999854;98.90249999999854;98.90249999999854;
8.906340000000208;19160.0;98.90199999999852;98.90199999999852;98.83335999999852;98.83335999999852;98.90199999999852;98.90199999999852;98.90199999999852;98.90199999999852;98.90199999999852;98.90199999999852;98.90199999999852;98.90199999999852;98.55879999999853;98.90199999999852;98.90199999999852;98.90199999999852;98.90199999999852;98.55879999999853;98.90199999999852;98.90199999999852;98.90199999999852;
9.006340000000206;19160.0;98.9014999999985;98.9014999999985;98.8328599999985;98.8328599999985;98.9014999999985;98.9014999999985;98.9014999999985;98.9014999999985;98.9014999999985;98.9014999999985;98.9014999999985;98.9014999999985;98.55829999999851;98.9014999999985;98.9014999999985;98.9014999999985;98.9014999999985;98.55829999999851;98.9014999999985;98.9014999999985;98.9014999999985;
9.106340000000204;19160.0;98.90099999999849;98.90099999999849;98.83235999999849;98.83235999999849;98.90099999999849;98.90099999999849;98.90099999999849;98.90099999999849;98.90099999999849;98.90099999999849;98.90099999999849;98.90099999999849;98.5577999999985;98.90099999999849;98.90099999999849;98.90099999999849;98.90099999999849;98.5577999999985;98.90099999999849;98.90099999999849;98.90099999999849;
9.206340000000202;19160.0;98.90049999999847;98.90049999999847;98.83185999999847;98.83185999999847;98.90049999999847;98.90049999999847;98.90049999999847;98.90049999999847;98.90049999999847;98.90049999999847;98.90049999999847;98.90049999999847;98.55729999999848;98.90049999999847;98.90049999999847;98.90049999999847;98.90049999999847;98.55729999999848;98.90049999999847;98.90049999999847;98.90049999999847;
9.3063400000002;19160.0;98.89999999999846;98.89999999999846;98.83135999999845;98.83135999999845;98.89999999999846;98.89999999999846;98.89999999999846;98.89999999999846;98.89999999999846;98.89999999999846;98.89999999999846;98.89999999999846;98.55679999999846;98.89999999999846;98.89999999999846;98.89999999999846;98.89999999999846;98.55679999999846;98.89999999999846;98.89999999999846;98.89999999999846;
9.406340000000197;19160.0;98.89949999999844;98.89949999999844;98.83085999999844;98.83085999999844;98.89949999999844;98.89949999999844;98.89949999999844;98.89949999999844;98.89949999999844;98.89949999999844;98.89949999999844;98.89949999999844;98.55629999999844;98.89949999999844;98.89949999999844;98.89949999999844;98.89949999999844;98.55629999999844;98.89949999999844;98.89949999999844;98.89949999999844;
9.506340000000195;19160.0;98.89899999999842;98.89899999999842;98.83035999999842;98.83035999999842;98.89899999999842;98.89899999999842;98.89899999999842;98.89899999999842;98.89899999999842;98.89899999999842;98.89899999999842;98.89899999999842;98.55579999999843;98.89899999999842;98.89899999999842;98.89899999999842;98.89899999999842;98.55579999999843;98.89899999999842;98.89899999999842;98.89899999999842;
9.606340000000193;19160.0;98.8984999999984;98.8984999999984;98.8298599999984;98.8298599999984;98.8984999999984;98.8984999999984;98.8984999999984;98.8984999999984;98.8984999999984;98.8984999999984;98.8984999999984;98.8984999999984;98.55529999999841;98.8984999999984;98.8984999999984;98.8984999999984;98.8984999999984;98.55529999999841;98.8984999999984;98.8984999999984;98.8984999999984;
9.706340000000191;19160.0;98.89799999999839;98.89799999999839;98.82935999999839;98.82935999999839;98.89799999999839;98.89799999999839;98.89799999999839;98.89799999999839;98.89799999999839;98.89799999999839;98.89799999999839;98.89799999999839;98.5547999999984;98.89799999999839;98.89799999999839;98.89799999999839;98.89799999999839;98.5547999999984;98.89799999999839;98.89799999999839;98.89799999999839;
9.806340000000189;19160.0;98.89749999999837;98.89749999999837;98.82885999999837;98.82885999999837;98.89749999999837;98.89749999999837;98.89749999999837;98.89749999999837;98.89749999999837;98.89749999999837;98.89749999999837;98.89749999999837;98.55429999999838;98.89749999999837;98.89749999999837;98.89749999999837;98.89749999999837;98.55429999999838;98.89749999999837;98.89749999999837;98.89749999999837;
9.906340000000187;19160.0;98.89699999999836;98.89699999999836;98.82835999999836;98.82835999999836;98.89699999999836;98.89699999999836;98.89699999999836;98.89699999999836;98.89699999999836;98.89699999999836;98.89699999999836;98.89699999999836;98.55379999999836;98.89699999999836;98.89699999999836;98.89699999999836;98.89699999999836;98.55379999999836;98.89699999999836;98.89699999999836;98.89699999999836;
10.006340000000185;19160.0;98.89649999999834;98.89649999999834;98.82785999999834;98.82785999999834;98.89649999999834;98.89649999999834;98.89649999999834;98.89649999999834;98.89649999999834;98.89649999999834;98.89649999999834;98.89649999999834;98.55329999999834;98.89649999999834;98.89649999999834;98.89649999999834;98.89649999999834;98.55329999999834;98.89649999999834;98.89649999999834;98.89649999999834;
10.106340000000182;19160.0;98.89599999999832;98.89599999999832;98.82735999999832;98.82735999999832;98.89599999999832;98.89599999999832;98.89599999999832;98.89599999999832;98.89599999999832;98.89599999999832;98.89599999999832;98.89599999999832;98.55279999999833;98.89599999999832;98.89599999999832;98.89599999999832;98.89599999999832;98.55279999999833;98.89599999999832;98.89599999999832;98.89599999999832;
10.20634000000018;19160.0;98.89549999999831;98.89549999999831;98.8268599999983;98.8268599999983;98.89549999999831;98.89549999999831;98.89549999999831;98.89549999999831;98.89549999999831;98.89549999999831;98.89549999999831;98.89549999999831;98.55229999999831;98.89549999999831;98.89549999999831;98.89549999999831;98.89549999999831;98.55229999999831;98.89549999999831;98.89549999999831;98.89549999999831;
10.306340000000178;19160.0;98.89499999999829;98.89499999999829;98.82635999999829;98.82635999999829;98.89499999999829;98.89499999999829;98.89499999999829;98.89499999999829;98.89499999999829;98.89499999999829;98.89499999999829;98.89499999999829;98.5517999999983;98.89499999999829;98.89499999999829;98.89499999999829;98.89499999999829;98.5517999999983;98.89499999999829;98.89499999999829;98.89499999999829;
10.406340000000176;19160.0;98.89449999999827;98.89449999999827;98.82585999999827;98.82585999999827;98.89449999999827;98.89449999999827;98.89449999999827;98.89449999999827;98.89449999999827;98.89449999999827;98.89449999999827;98.89449999999827;98.55129999999828;98.89449999999827;98.89449999999827;98.89449999999827;98.89449999999827;98.55129999999828;98.89449999999827;98.89449999999827;98.89449999999827;
10.506340000000174;19160.0;98.89399999999826;98.89399999999826;98.82535999999826;98.82535999999826;98.89399999999826;98.89399999999826;98.89399999999826;98.89399999999826;98.89399999999826;98.89399999999826;98.89399999999826;98.89399999999826;98.55079999999826;98.89399999999826;98.89399999999826;98.89399999999826;98.89399999999826;98.55079999999826;98.89399999999826;98.89399999999826;98.89399999999826;
10.606340000000172;19160.0;98.89349999999824;98.89349999999824;98.82485999999824;98.82485999999824;98.89349999999824;98.89349999999824;98.89349999999824;98.89349999999824;98.89349999999824;98.89349999999824;98.89349999999824;98.89349999999824;98.55029999999824;98.89349999999824;98.89349999999824;98.89349999999824;98.89349999999824;98.55029999999824;98.89349999999824;98.89349999999824;98.89349999999824;
10.70634000000017;19160.0;98.89299999999822;98.89299999999822;98.82435999999822;98.82435999999822;98.89299999999822;98.89299999999822;98.89299999999822;98.89299999999822;98.89299999999822;98.89299999999822;98.89299999999822;98.89299999999822;98.54979999999823;98.89299999999822;98.89299999999822;98.89299999999822;98.89299999999822;98.54979999999823;98.89299999999822;98.89299999999822;98.89299999999822;
10.806340000000167;19160.0;98.89249999999821;98.89249999999821;98.8238599999982;98.8238599999982;98.89249999999821;98.89249999999821;98.89249999999821;98.89249999999821;98.89249999999821;98.89249999999821;98.89249999999821;98.89249999999821;98.54929999999821;98.89249999999821;98.89249999999821;98.89249999999821;98.89249999999821;98.54929999999821;98.89249999999821;98.89249999999821;98.89249999999821;
10.906340000000165;19160.0;98.89199999999819;98.89199999999819;98.82335999999819;98.82335999999819;98.89199999999819;98.89199999999819;98.89199999999819;98.89199999999819;98.89199999999819;98.89199999999819;98.89199999999819;98.89199999999819;98.5487999999982;98.89199999999819;98.89199999999819;98.89199999999819;98.89199999999819;98.5487999999982;98.89199999999819;98.89199999999819;98.89199999999819;
11.006340000000163;19160.0;98.89149999999817;98.89149999999817;98.82285999999817;98.82285999999817;98.89149999999817;98.89149999999817;98.89149999999817;98.89149999999817;98.89149999999817;98.89149999999817;98.89149999999817;98.89149999999817;98.54829999999818;98.89149999999817;98.89149999999817;98.89149999999817;98.89149999999817;98.54829999999818;98.89149999999817;98.89149999999817;98.89149999999817;
11.106340000000161;19160.0;98.89099999999816;98.89099999999816;98.82235999999816;98.82235999999816;98.89099999999816;98.89099999999816;98.89099999999816;98.89099999999816;98.89099999999816;98.89099999999816;98.89099999999816;98.89099999999816;98.54779999999816;98.89099999999816;98.89099999999816;98.89099999999816;98.89099999999816;98.54779999999816;98.89099999999816;98.89099999999816;98.89099999999816;
11.206340000000159;19160.0;98.89049999999814;98.89049999999814;98.82185999999814;98.82185999999814;98.89049999999814;98.89049999999814;98.89049999999814;98.89049999999814;98.89049999999814;98.89049999999814;98.89049999999814;98.89049999999814;98.54729999999815;98.89049999999814;98.89049999999814;98.89049999999814;98.89049999999814;98.54729999999815;98.89049999999814;98.89049999999814;98.89049999999814;
11.306340000000157;19160.0;98.88999999999812;98.88999999999812;98.82135999999812;98.82135999999812;98.88999999999812;98.88999999999812;98.88999999999812;98.88999999999812;98.88999999999812;98.88999999999812;98.88999999999812;98.88999999999812;98.54679999999813;98.88999999999812;98.88999999999812;98.88999999999812;98.88999999999812;98.54679999999813;98.88999999999812;98.88999999999812;98.88999999999812;
11.406340000000155;19160.0;98.88949999999811;98.88949999999811;98.8208599999981;98.8208599999981;98.88949999999811;98.88949999999811;98.88949999999811;98.88949999999811;98.88949999999811;98.88949999999811;98.88949999999811;98.88949999999811;98.54629999999811;98.88949999999811;98.88949999999811;98.88949999999811;98.88949999999811;98.54629999999811;98.88949999999811;98.88949999999811;98.88949999999811;
11.506340000000153;19160.0;98.88899999999809;98.88899999999809;98.82035999999809;98.82035999999809;98.88899999999809;98.88899999999809;98.88899999999809;98.88899999999809;98.88899999999809;98.88899999999809;98.88899999999809;98.88899999999809;98.5457999999981;98.88899999999809;98.88899999999809;98.88899999999809;98.88899999999809;98.5457999999981;98.88899999999809;98.88899999999809;98.88899999999809;
11.60634000000015;19160.0;98.88849999999807;98.88849999999807;98.81985999999807;98.81985999999807;98.88849999999807;98.88849999999807;98.88849999999807;98.88849999999807;98.88849999999807;98.88849999999807;98.88849999999807;98.88849999999807;98.54529999999808;98.88849999999807;98.88849999999807;98.88849999999807;98.88849999999807;98.54529999999808;98.88849999999807;98.88849999999807;98.88849999999807;
11.706340000000148;19160.0;98.88799999999806;98.88799999999806;98.81935999999806;98.81935999999806;98.88799999999806;98.88799999999806;98.88799999999806;98.88799999999806;98.88799999999806;98.88799999999806;98.88799999999806;98.88799999999806;98.54479999999806;98.88799999999806;98.88799999999806;98.88799999999806;98.88799999999806;98.54479999999806;98.88799999999806;98.88799999999806;98.88799999999806;
11.806340000000146;19160.0;98.88749999999804;98.88749999999804;98.81885999999804;98.81885999999804;98.88749999999804;98.88749999999804;98.88749999999804;98.88749999999804;98.88749999999804;98.88749999999804;98.88749999999804;98.88749999999804;98.54429999999805;98.88749999999804;98.88749999999804;98.88749999999804;98.88749999999804;98.54429999999805;98.88749999999804;98.88749999999804;98.88749999999804;
11.906340000000144;19160.0;98.88699999999803;98.88699999999803;98.81835999999802;98.81835999999802;98.88699999999803;98.88699999999803;98.88699999999803;98.88699999999803;98.88699999999803;98.88699999999803;98.88699999999803;98.88699999999803;98.54379999999803;98.88699999999803;98.88699999999803;98.88699999999803;98.88699999999803;98.54379999999803;98.88699999999803;98.88699999999803;98.88699999999803;
12.006340000000142;19160.0;98.88649999999801;98.88649999999801;98.817859999998;98.817859999998;98.88649999999801;98.88649999999801;98.88649999999801;98.88649999999801;98.88649999999801;98.88649999999801;98.88649999999801;98.88649999999801;98.54329999999801;98.88649999999801;98.88649999999801;98.88649999999801;98.88649999999801;98.54329999999801;98.88649999999801;98.88649999999801;98.88649999999801;
12.104837333333473;19160.0;98.886099999998;82.26273999999798;88.98365999999797;98.81735999999799;88.91191999999798;98.88599999999799;98.88599999999799;98.886099999998;88.77143999999798;98.88599999999799;82.02593999999799;88.77143999999798;81.82471999999798;98.886099999998;98.88599999999799;88.77143999999798;82.02593999999799;88.42813999999798;82.02593999999799;82.02593999999799;98.886099999998;
12.203334666666787;19160.0;83.85403999999795;65.44943999999795;52.7301599999979;98.81685999999797;64.11649999999791;98.88549999999798;98.88549999999798;83.85413999999795;67.17531999999792;98.88549999999798;64.97583999999797;67.17531999999792;65.01141999999795;83.85413999999795;98.88549999999798;67.17531999999792;64.97583999999797;66.83201999999793;46.53445999999797;64.97583999999797;98.88559999999798;
12.305100000000106;19160.0;53.650139999997904;48.54141999999793;0.0;58.9197399999979;40.89579999999789;98.88499999999796;98.88499999999796;58.707519999997906;41.88821999999791;98.88499999999796;47.83101999999796;41.88821999999791;21.47727999999794;58.707519999997906;98.88499999999796;41.88821999999791;47.83101999999796;9.529899999997912;0.0;47.83101999999796;98.88509999999796;
12.400960000000092;19160.0;8.154099999997902;31.680759999997903;0.0;1.2625199999978969;0.0;98.88449999999794;98.88449999999794;33.420319999997886;9.5460799999979;98.88449999999794;30.68619999999795;9.5460799999979;0.0;33.420319999997886;98.88449999999794;9.5460799999979;30.68619999999795;0.0;0.0;30.68619999999795;98.88459999999795;
12.506340000000083;19160.0;0.0;0.8487999999979039;0.0;0.0;0.0;98.88399999999793;98.88399999999793;0.0;0.0;98.88399999999793;0.0;0.0;0.0;0.0;98.88399999999793;0.0;0.0;0.0;0.0;0.0;98.88399999999793;
12.606340000000081;19160.0;0.0;0.0;0.0;0.0;0.0;98.88349999999791;98.88349999999791;0.0;0.0;98.88349999999791;0.0;0.0;0.0;0.0;98.88349999999791;0.0;0.0;0.0;0.0;0.0;98.88349999999791;
12.706340000000079;19160.0;0.0;0.0;0.0;0.0;0.0;98.88299999999789;98.88299999999789;0.0;0.0;98.88299999999789;0.0;0.0;0.0;0.0;98.88299999999789;0.0;0.0;0.0;0.0;0.0;98.88299999999789;
12.806340000000077;19160.0;0.0;0.0;0.0;0.0;0.0;98.88249999999788;98.88249999999788;0.0;0.0;98.88249999999788;0.0;0.0;0.0;0.0;98.88249999999788;0.0;0.0;0.0;0.0;0.0;98.88249999999788;
12.906340000000075;19160.0;0.0;0.0;0.0;0.0;0.0;98.88199999999786;98.88199999999786;0.0;0.0;98.88199999999786;0.0;0.0;0.0;0.0;98.88199999999786;0.0;0.0;0.0;0.0;0.0;98.88199999999786;
13.006340000000073;19160.0;0.0;0.0;0.0;0.0;0.0;98.88149999999784;98.88149999999784;0.0;0.0;98.88149999999784;0.0;0.0;0.0;0.0;98.88149999999784;0.0;0.0;0.0;0.0;0.0;98.88149999999784;
13.10634000000007;19160.0;0.0;0.0;0.0;0.0;0.0;98.88099999999783;98.88099999999783;0.0;0.0;98.88099999999783;0.0;0.0;0.0;0.0;98.88099999999783;0.0;0.0;0.0;0.0;0.0;98.88099999999783;
13.206340000000068;19160.0;0.0;0.0;0.0;0.0;0.0;98.88049999999781;98.88049999999781;0.0;0.0;98.88049999999781;0.0;0.0;0.0;0.0;98.88049999999781;0.0;0.0;0.0;0.0;0.0;98.88049999999781;
13.306340000000066;19160.0;0.0;0.0;0.0;0.0;0.0;98.87999999999779;98.87999999999779;0.0;0.0;98.87999999999779;0.0;0.0;0.0;0.0;98.87999999999779;0.0;0.0;0.0;0.0;0.0;98.87999999999779;
13.406340000000064;19160.0;0.0;0.0;0.0;0.0;0.0;98.87949999999778;98.87949999999778;0.0;0.0;98.87949999999778;0.0;0.0;0.0;0.0;98.87949999999778;0.0;0.0;0.0;0.0;0.0;98.87949999999778;
13.506340000000062;19160.0;0.0;0.0;0.0;0.0;0.0;98.87899999999776;98.87899999999776;0.0;0.0;98.87899999999776;0.0;0.0;0.0;0.0;98.87899999999776;0.0;0.0;0.0;0.0;0.0;98.87899999999776;
13.60634000000006;19160.0;0.0;0.0;0.0;0.0;0.0;98.87849999999774;98.87849999999774;0.0;0.0;98.87849999999774;0.0;0.0;0.0;0.0;98.87849999999774;0.0;0.0;0.0;0.0;0.0;98.87849999999774;
13.706340000000058;19160.0;0.0;0.0;0.0;0.0;0.0;98.87799999999773;98.87799999999773;0.0;0.0;98.87799999999773;0.0;0.0;0.0;0.0;98.87799999999773;0.0;0.0;0.0;0.0;0.0;98.87799999999773;
13.806340000000056;19160.0;0.0;0.0;0.0;0.0;0.0;98.87749999999771;98.87749999999771;0.0;0.0;98.87749999999771;0.0;0.0;0.0;0.0;98.87749999999771;0.0;0.0;0.0;0.0;0.0;98.87749999999771;
13.906340000000053;19160.0;0.0;0.0;0.0;0.0;0.0;98.8769999999977;98.8769999999977;0.0;0.0;98.8769999999977;0.0;0.0;0.0;0.0;98.8769999999977;0.0;0.0;0.0;0.0;0.0;98.8769999999977;
14.006340000000051;19160.0;0.0;0.0;0.0;0.0;0.0;98.87649999999768;98.87649999999768;0.0;0.0;98.87649999999768;0.0;0.0;0.0;0.0;98.87649999999768;0.0;0.0;0.0;0.0;0.0;98.87649999999768;
14.10634000000005;19160.0;0.0;0.0;0.0;0.0;0.0;98.87599999999766;98.87599999999766;0.0;0.0;98.87599999999766;0.0;0.0;0.0;0.0;98.87599999999766;0.0;0.0;0.0;0.0;0.0;98.87599999999766;
14.206340000000047;19160.0;0.0;0.0;0.0;0.0;0.0;98.87549999999764;98.87549999999764;0.0;0.0;98.87549999999764;0.0;0.0;0.0;0.0;98.87549999999764;0.0;0.0;0.0;0.0;0.0;98.87549999999764;
14.306340000000045;19160.0;0.0;0.0;0.0;0.0;0.0;98.87499999999763;98.87499999999763;0.0;0.0;98.87499999999763;0.0;0.0;0.0;0.0;98.87499999999763;0.0;0.0;0.0;0.0;0.0;98.87499999999763;
14.406340000000043;19160.0;0.0;0.0;0.0;0.0;0.0;98.87449999999761;98.87449999999761;0.0;0.0;98.87449999999761;0.0;0.0;0.0;0.0;98.87449999999761;0.0;0.0;0.0;0.0;0.0;98.87449999999761;
14.50634000000004;19160.0;0.0;0.0;0.0;0.0;0.0;98.8739999999976;98.8739999999976;0.0;0.0;98.8739999999976;0.0;0.0;0.0;0.0;98.8739999999976;0.0;0.0;0.0;0.0;0.0;98.8739999999976;
14.606340000000039;19160.0;0.0;0.0;0.0;0.0;0.0;98.87349999999758;98.87349999999758;0.0;0.0;98.87349999999758;0.0;0.0;0.0;0.0;98.87349999999758;0.0;0.0;0.0;0.0;0.0;98.87349999999758;
14.706340000000036;19160.0;0.0;0.0;0.0;0.0;0.0;98.87299999999756;98.87299999999756;0.0;0.0;98.87299999999756;0.0;0.0;0.0;0.0;98.87299999999756;0.0;0.0;0.0;0.0;0.0;98.87299999999756;
14.806340000000034;19160.0;0.0;0.0;0.0;0.0;0.0;98.87249999999754;98.87249999999754;0.0;0.0;98.87249999999754;0.0;0.0;0.0;0.0;98.87249999999754;0.0;0.0;0.0;0.0;0.0;98.87249999999754;
14.906340000000032;19160.0;0.0;0.0;0.0;0.0;0.0;98.87199999999753;98.87199999999753;0.0;0.0;98.87199999999753;0.0;0.0;0.0;0.0;98.87199999999753;0.0;0.0;0.0;0.0;0.0;98.87199999999753;
15.00634000000003;19160.0;0.0;0.0;0.0;0.0;0.0;98.87149999999751;98.87149999999751;0.0;0.0;98.87149999999751;0.0;0.0;0.0;0.0;98.87149999999751;0.0;0.0;0.0;0.0;0.0;98.87149999999751;
15.106340000000028;19160.0;0.0;0.0;0.0;0.0;0.0;98.8709999999975;98.8709999999975;0.0;0.0;98.8709999999975;0.0;0.0;0.0;0.0;98.8709999999975;0.0;0.0;0.0;0.0;0.0;98.8709999999975;
15.206340000000026;19160.0;0.0;0.0;0.0;0.0;0.0;98.87049999999748;98.87049999999748;0.0;0.0;98.87049999999748;0.0;0.0;0.0;0.0;98.87049999999748;0.0;0.0;0.0;0.0;0.0;98.87049999999748;
15.306340000000024;19160.0;0.0;0.0;0.0;0.0;0.0;98.86999999999746;98.86999999999746;0.0;0.0;98.86999999999746;0.0;0.0;0.0;0.0;98.86999999999746;0.0;0.0;0.0;0.0;0.0;98.86999999999746;
15.406340000000021;19160.0;0.0;0.0;0.0;0.0;0.0;98.86949999999744;98.86949999999744;0.0;0.0;98.86949999999744;0.0;0.0;0.0;0.0;98.86949999999744;0.0;0.0;0.0;0.0;0.0;98.86949999999744;
15.50634000000002;19160.0;0.0;0.0;0.0;0.0;0.0;98.86899999999743;98.86899999999743;0.0;0.0;98.86899999999743;0.0;0.0;0.0;0.0;98.86899999999743;0.0;0.0;0.0;0.0;0.0;98.86899999999743;
15.606340000000017;19160.0;0.0;0.0;0.0;0.0;0.0;98.86849999999741;98.86849999999741;0.0;0.0;98.86849999999741;0.0;0.0;0.0;0.0;98.86849999999741;0.0;0.0;0.0;0.0;0.0;98.86849999999741;
15.706340000000015;19160.0;0.0;0.0;0.0;0.0;0.0;98.8679999999974;98.8679999999974;0.0;0.0;98.8679999999974;0.0;0.0;0.0;0.0;98.8679999999974;0.0;0.0;0.0;0.0;0.0;98.8679999999974;
15.806340000000013;19160.0;0.0;0.0;0.0;0.0;0.0;98.86749999999738;98.86749999999738;0.0;0.0;98.86749999999738;0.0;0.0;0.0;0.0;98.86749999999738;0.0;0.0;0.0;0.0;0.0;98.86749999999738;
15.90634000000001;19160.0;0.0;0.0;0.0;0.0;0.0;98.86699999999736;98.86699999999736;0.0;0.0;98.86699999999736;0.0;0.0;0.0;0.0;98.86699999999736;0.0;0.0;0.0;0.0;0.0;98.86699999999736;
16.00634000000001;19160.0;0.0;0.0;0.0;0.0;0.0;98.86649999999734;98.86649999999734;0.0;0.0;98.86649999999734;0.0;0.0;0.0;0.0;98.86649999999734;0.0;0.0;0.0;0.0;0.0;98.86649999999734;
16.10633999999999;19160.0;0.0;0.0;0.0;0.0;0.0;98.86599999999733;98.86599999999733;0.0;0.0;98.86599999999733;0.0;0.0;0.0;0.0;98.86599999999733;0.0;0.0;0.0;0.0;0.0;98.86599999999733;
16.20633999999997;19160.0;0.0;0.0;0.0;0.0;0.0;98.86549999999731;98.86549999999731;0.0;0.0;98.86549999999731;0.0;0.0;0.0;0.0;98.86549999999731;0.0;0.0;0.0;0.0;0.0;98.86549999999731;
16.30633999999995;19160.0;0.0;0.0;0.0;0.0;0.0;98.8649999999973;98.8649999999973;0.0;0.0;98.8649999999973;0.0;0.0;0.0;0.0;98.8649999999973;0.0;0.0;0.0;0.0;0.0;98.8649999999973;
16.40633999999993;19160.0;0.0;0.0;0.0;0.0;0.0;98.86449999999728;98.86449999999728;0.0;0.0;98.86449999999728;0.0;0.0;0.0;0.0;98.86449999999728;0.0;0.0;0.0;0.0;0.0;98.86449999999728;
16.50633999999991;19160.0;0.0;0.0;0.0;0.0;0.0;98.86399999999726;98.86399999999726;0.0;0.0;98.86399999999726;0.0;0.0;0.0;0.0;98.86399999999726;0.0;0.0;0.0;0.0;0.0;98.86399999999726;
16.60633999999989;19160.0;0.0;0.0;0.0;0.0;0.0;98.86349999999725;98.86349999999725;0.0;0.0;98.86349999999725;0.0;0.0;0.0;0.0;98.86349999999725;0.0;0.0;0.0;0.0;0.0;98.86349999999725;
16.70633999999987;19160.0;0.0;0.0;0.0;0.0;0.0;98.86299999999723;98.86299999999723;0.0;0.0;98.86299999999723;0.0;0.0;0.0;0.0;98.86299999999723;0.0;0.0;0.0;0.0;0.0;98.86299999999723;
16.80633999999985;19160.0;0.0;0.0;0.0;0.0;0.0;98.86249999999721;98.86249999999721;0.0;0.0;98.86249999999721;0.0;0.0;0.0;0.0;98.86249999999721;0.0;0.0;0.0;0.0;0.0;98.86249999999721;
16.90633999999983;19160.0;0.0;0.0;0.0;0.0;0.0;98.8619999999972;98.8619999999972;0.0;0.0;98.8619999999972;0.0;0.0;0.0;0.0;98.8619999999972;0.0;0.0;0.0;0.0;0.0;98.8619999999972;
17.00633999999981;19160.0;0.0;0.0;0.0;0.0;0.0;98.86149999999718;98.86149999999718;0.0;0.0;98.86149999999718;0.0;0.0;0.0;0.0;98.86149999999718;0.0;0.0;0.0;0.0;0.0;98.86149999999718;
17.10633999999979;19160.0;0.0;0.0;0.0;0.0;0.0;98.86099999999716;98.86099999999716;0.0;0.0;98.86099999999716;0.0;0.0;0.0;0.0;98.86099999999716;0.0;0.0;0.0;0.0;0.0;98.86099999999716;
17.20633999999977;19160.0;0.0;0.0;0.0;0.0;0.0;98.86049999999715;98.86049999999715;0.0;0.0;98.86049999999715;0.0;0.0;0.0;0.0;98.86049999999715;0.0;0.0;0.0;0.0;0.0;98.86049999999715;
17.30633999999975;19160.0;0.0;0.0;0.0;0.0;0.0;98.85999999999713;98.85999999999713;0.0;0.0;98.85999999999713;0.0;0.0;0.0;0.0;98.85999999999713;0.0;0.0;0.0;0.0;0.0;98.85999999999713;
17.40633999999973;19160.0;0.0;0.0;0.0;0.0;0.0;98.85949999999711;98.85949999999711;0.0;0.0;98.85949999999711;0.0;0.0;0.0;0.0;98.85949999999711;0.0;0.0;0.0;0.0;0.0;98.85949999999711;
17.50633999999971;19160.0;0.0;0.0;0.0;0.0;0.0;98.8589999999971;98.8589999999971;0.0;0.0;98.8589999999971;0.0;0.0;0.0;0.0;98.8589999999971;0.0;0.0;0.0;0.0;0.0;98.8589999999971;
17.60633999999969;19160.0;0.0;0.0;0.0;0.0;0.0;98.85849999999708;98.85849999999708;0.0;0.0;98.85849999999708;0.0;0.0;0.0;0.0;98.85849999999708;0.0;0.0;0.0;0.0;0.0;98.85849999999708;
17.70633999999967;19160.0;0.0;0.0;0.0;0.0;0.0;98.85799999999706;98.85799999999706;0.0;0.0;98.85799999999706;0.0;0.0;0.0;0.0;98.85799999999706;0.0;0.0;0.0;0.0;0.0;98.85799999999706;
17.80633999999965;19160.0;0.0;0.0;0.0;0.0;0.0;98.85749999999705;98.85749999999705;0.0;0.0;98.85749999999705;0.0;0.0;0.0;0.0;98.85749999999705;0.0;0.0;0.0;0.0;0.0;98.85749999999705;
17.90633999999963;19160.0;0.0;0.0;0.0;0.0;0.0;98.85699999999703;98.85699999999703;0.0;0.0;98.85699999999703;0.0;0.0;0.0;0.0;98.85699999999703;0.0;0.0;0.0;0.0;0.0;98.85699999999703;
18.006339999999614;19160.0;0.0;0.0;0.0;0.0;0.0;98.85649999999701;98.85649999999701;0.0;0.0;98.85649999999701;0.0;0.0;0.0;0.0;98.85649999999701;0.0;0.0;0.0;0.0;0.0;98.85649999999701;
18.106339999999594;19160.0;0.0;0.0;0.0;0.0;0.0;81.99583999999699;98.855999999997;0.0;0.0;81.99583999999699;0.0;0.0;0.0;0.0;98.855999999997;0.0;0.0;0.0;0.0;0.0;81.901119999997;
18.206339999999575;19160.0;0.0;0.0;0.0;0.0;0.0;64.94573999999697;98.85549999999698;0.0;0.0;64.94573999999697;0.0;0.0;0.0;0.0;98.85549999999698;0.0;0.0;0.0;0.0;0.0;64.94573999999697;
18.306339999999555;19160.0;0.0;0.0;0.0;0.0;0.0;47.800919999996964;98.85499999999696;0.0;0.0;47.800919999996964;0.0;0.0;0.0;0.0;98.85499999999696;0.0;0.0;0.0;0.0;0.0;47.800919999996964;
18.406339999999535;19160.0;0.0;0.0;0.0;0.0;0.0;30.65609999999695;98.85449999999695;0.0;0.0;30.65609999999695;0.0;0.0;0.0;0.0;98.85449999999695;0.0;0.0;0.0;0.0;0.0;30.656099999996957;
18.506666666666185;19160.0;0.0;0.0;0.0;0.0;0.0;3.1394399999969513;98.85399999999693;0.0;0.0;3.1394399999969513;0.0;0.0;0.0;0.0;98.85399999999693;0.0;0.0;0.0;0.0;0.0;0.0;
18.6066666666662;19160.0;0.0;0.0;0.0;0.0;0.0;0.0;98.85349999999691;0.0;0.0;0.0;0.0;0.0;0.0;0.0;98.85349999999691;0.0;0.0;0.0;0.0;0.0;0.0;
18.706666666666216;19160.0;0.0;0.0;0.0;0.0;0.0;0.0;98.8529999999969;0.0;0.0;0.0;0.0;0.0;0.0;0.0;98.8529999999969;0.0;0.0;0.0;0.0;0.0;0.0;
18.80666666666623;19160.0;0.0;0.0;0.0;0.0;0.0;0.0;98.85249999999688;0.0;0.0;0.0;0.0;0.0;0.0;0.0;98.85249999999688;0.0;0.0;0.0;0.0;0.0;0.0;
18.906666666666247;19160.0;0.0;0.0;0.0;0.0;0.0;0.0;98.85199999999686;0.0;0.0;0.0;0.0;0.0;0.0;0.0;98.85199999999686;0.0;0.0;0.0;0.0;0.0;0.0;
19.006666666666263;19160.0;0.0;0.0;0.0;0.0;0.0;0.0;98.85149999999685;0.0;0.0;0.0;0.0;0.0;0.0;0.0;98.85149999999685;0.0;0.0;0.0;0.0;0.0;0.0;
19.10666666666628;19160.0;0.0;0.0;0.0;0.0;0.0;0.0;98.85099999999683;0.0;0.0;0.0;0.0;0.0;0.0;0.0;98.85099999999683;0.0;0.0;0.0;0.0;0.0;0.0;
19.206666666666294;19160.0;0.0;0.0;0.0;0.0;0.0;0.0;98.85049999999681;0.0;0.0;0.0;0.0;0.0;0.0;0.0;98.85049999999681;0.0;0.0;0.0;0.0;0.0;0.0;
19.30666666666631;19160.0;0.0;0.0;0.0;0.0;0.0;0.0;98.8499999999968;0.0;0.0;0.0;0.0;0.0;0.0;0.0;98.8499999999968;0.0;0.0;0.0;0.0;0.0;0.0;
19.406666666666325;19160.0;0.0;0.0;0.0;0.0;0.0;0.0;98.84949999999678;0.0;0.0;0.0;0.0;0.0;0.0;0.0;98.84949999999678;0.0;0.0;0.0;0.0;0.0;0.0;
19.50666666666634;19160.0;0.0;0.0;0.0;0.0;0.0;0.0;98.84899999999676;0.0;0.0;0.0;0.0;0.0;0.0;0.0;98.84899999999676;0.0;0.0;0.0;0.0;0.0;0.0;
19.606666666666356;19160.0;0.0;0.0;0.0;0.0;0.0;0.0;98.84849999999675;0.0;0.0;0.0;0.0;0.0;0.0;0.0;98.84849999999675;0.0;0.0;0.0;0.0;0.0;0.0;
19.706666666666372;19160.0;0.0;0.0;0.0;0.0;0.0;0.0;98.84799999999673;0.0;0.0;0.0;0.0;0.0;0.0;0.0;98.84799999999673;0.0;0.0;0.0;0.0;0.0;0.0;
19.806666666666388;19160.0;0.0;0.0;0.0;0.0;0.0;0.0;98.84749999999671;0.0;0.0;0.0;0.0;0.0;0.0;0.0;98.84749999999671;0.0;0.0;0.0;0.0;0.0;0.0;
19.906666666666403;19160.0;0.0;0.0;0.0;0.0;0.0;0.0;98.8469999999967;0.0;0.0;0.0;0.0;0.0;0.0;0.0;98.8469999999967;0.0;0.0;0.0;0.0;0.0;0.0;
20.00666666666642;19160.0;0.0;0.0;0.0;0.0;0.0;0.0;98.84649999999668;0.0;0.0;0.0;0.0;0.0;0.0;0.0;98.84649999999668;0.0;0.0;0.0;0.0;0.0;0.0;
23.999999999999464;19160.0;0.0;0.0;0.0;0.0;0.0;0.0;98.84649999999668;0.0;0.0;0.0;0.0;0.0;0.0;0.0;98.84649999999668;0.0;0.0;0.0;0.0;0.0;0.0;
29.999999999999464;19160.0;0.0;0.0;0.0;0.0;0.0;0.0;98.84649999999668;0.0;0.0;0.0;0.0;0.0;0.0;0.0;98.84649999999668;0.0;0.0;0.0;0.0;0.0;0.0;
35.99999999999946;19160.0;0.0;0.0;0.0;0.0;0.0;0.0;98.84649999999668;0.0;0.0;0.0;0.0;0.0;0.0;0.0;98.84649999999668;0.0;0.0;0.0;0.0;0.0;0.0;
41.99999999999946;19160.0;0.0;0.0;0.0;0.0;0.0;0.0;98.84649999999668;0.0;0.0;0.0;0.0;0.0;0.0;0.0;98.84649999999668;0.0;0.0;0.0;0.0;0.0;0.0;
47.99999999999946;19160.0;0.0;0.0;0.0;0.0;0.0;0.0;98.84649999999668;0.0;0.0;0.0;0.0;0.0;0.0;0.0;98.84649999999668;0.0;0.0;0.0;0.0;0.0;0.0;
53.99999999999946;19160.0;0.0;0.0;0.0;0.0;0.0;0.0;98.84649999999668;0.0;0.0;0.0;0.0;0.0;0.0;0.0;98.84649999999668;0.0;0.0;0.0;0.0;0.0;0.0;
59.99999999999946;19160.0;0.0;0.0;0.0;0.0;0.0;0.0;98.84649999999668;0.0;0.0;0.0;0.0;0.0;0.0;0.0;98.84649999999668;0.0;0.0;0.0;0.0;0.0;0.0;
65.99999999999946;19160.0;0.0;0.0;0.0;0.0;0.0;0.0;98.84649999999668;0.0;0.0;0.0;0.0;0.0;0.0;0.0;98.84649999999668;0.0;0.0;0.0;0.0;0.0;0.0;
71.99999999999946;19160.0;0.0;0.0;0.0;0.0;0.0;0.0;98.84649999999668;0.0;0.0;0.0;0.0;0.0;0.0;0.0;98.84649999999668;0.0;0.0;0.0;0.0;0.0;0.0;
77.99999999999946;19160.0;0.0;0.0;0.0;0.0;0.0;0.0;98.84649999999668;0.0;0.0;0.0;0.0;0.0;0.0;0.0;98.84649999999668;0.0;0.0;0.0;0.0;0.0;0.0;
83.99999999999946;19160.0;0.0;0.0;0.0;0.0;0.0;0.0;98.84649999999668;0.0;0.0;0.0;0.0;0.0;0.0;0.0;98.84649999999668;0.0;0.0;0.0;0.0;0.0;0.0;
89.99999999999946;19160.0;0.0;0.0;0.0;0.0;0.0;0.0;98.84649999999668;0.0;0.0;0.0;0.0;0.0;0.0;0.0;98.84649999999668;0.0;0.0;0.0;0.0;0.0;0.0;
95.99999999999946;19160.0;0.0;0.0;0.0;0.0;0.0;0.0;98.84649999999668;0.0;0.0;0.0;0.0;0.0;0.0;0.0;98.84649999999668;0.0;0.0;0.0;0.0;0.0;0.0;
101.99999999999946;19160.0;0.0;0.0;0.0;0.0;0.0;0.0;98.84649999999668;0.0;0.0;0.0;0.0;0.0;0.0;0.0;98.84649999999668;0.0;0.0;0.0;0.0;0.0;0.0;
107.99999999999946;19160.0;0.0;0.0;0.0;0.0;0.0;0.0;98.84649999999668;0.0;0.0;0.0;0.0;0.0;0.0;0.0;98.84649999999668;0.0;0.0;0.0;0.0;0.0;0.0;
113.99999999999946;19160.0;0.0;0.0;0.0;0.0;0.0;0.0;98.84649999999668;0.0;0.0;0.0;0.0;0.0;0.0;0.0;98.84649999999668;0.0;0.0;0.0;0.0;0.0;0.0;
119.99999999999946;19160.0;0.0;0.0;0.0;0.0;0.0;0.0;98.84649999999668;0.0;0.0;0.0;0.0;0.0;0.0;0.0;98.84649999999668;0.0;0.0;0.0;0.0;0.0;0.0;
125.99999999999946;19160.0;0.0;0.0;0.0;0.0;0.0;0.0;98.84649999999668;0.0;0.0;0.0;0.0;0.0;0.0;0.0;98.84649999999668;0.0;0.0;0.0;0.0;0.0;0.0;
131.99999999999946;19160.0;0.0;0.0;0.0;0.0;0.0;0.0;98.84649999999668;0.0;0.0;0.0;0.0;0.0;0.0;0.0;98.84649999999668;0.0;0.0;0.0;0.0;0.0;0.0;
137.99999999999946;19160.0;0.0;0.0;0.0;0.0;0.0;0.0;98.84649999999668;0.0;0.0;0.0;0.0;0.0;0.0;0.0;98.84649999999668;0.0;0.0;0.0;0.0;0.0;0.0;
143.99999999999946;19160.0;0.0;0.0;0.0;0.0;0.0;0.0;98.84649999999668;0.0;0.0;0.0;0.0;0.0;0.0;0.0;98.84649999999668;0.0;0.0;0.0;0.0;0.0;0.0;
149.99999999999946;19160.0;0.0;0.0;0.0;0.0;0.0;0.0;98.84649999999668;0.0;0.0;0.0;0.0;0.0;0.0;0.0;98.84649999999668;0.0;0.0;0.0;0.0;0.0;0.0;
155.99999999999946;19160.0;0.0;0.0;0.0;0.0;0.0;0.0;98.84649999999668;0.0;0.0;0.0;0.0;0.0;0.0;0.0;98.84649999999668;0.0;0.0;0.0;0.0;0.0;0.0;
161.99999999999946;19160.0;0.0;0.0;0.0;0.0;0.0;0.0;98.84649999999668;0.0;0.0;0.0;0.0;0.0;0.0;0.0;98.84649999999668;0.0;0.0;0.0;0.0;0.0;0.0;
167.99999999999946;19160.0;0.0;0.0;0.0;0.0;0.0;0.0;98.84649999999668;0.0;0.0;0.0;0.0;0.0;0.0;0.0;98.84649999999668;0.0;0.0;0.0;0.0;0.0;0.0;
173.99999999999946;19160.0;0.0;0.0;0.0;0.0;0.0;0.0;98.84649999999668;0.0;0.0;0.0;0.0;0.0;0.0;0.0;98.84649999999668;0.0;0.0;0.0;0.0;0.0;0.0;
179.99999999999946;19160.0;0.0;0.0;0.0;0.0;0.0;0.0;98.84649999999668;0.0;0.0;0.0;0.0;0.0;0.0;0.0;98.84649999999668;0.0;0.0;0.0;0.0;0.0;0.0;
185.99999999999946;19160.0;0.0;0.0;0.0;0.0;0.0;0.0;98.84649999999668;0.0;0.0;0.0;0.0;0.0;0.0;0.0;98.84649999999668;0.0;0.0;0.0;0.0;0.0;0.0;
191.99999999999946;19160.0;0.0;0.0;0.0;0.0;0.0;0.0;98.84649999999668;0.0;0.0;0.0;0.0;0.0;0.0;0.0;98.84649999999668;0.0;0.0;0.0;0.0;0.0;0.0;
197.99999999999946;19160.0;0.0;0.0;0.0;0.0;0.0;0.0;98.84649999999668;0.0;0.0;0.0;0.0;0.0;0.0;0.0;98.84649999999668;0.0;0.0;0.0;0.0;0.0;0.0;
203.99999999999946;19160.0;0.0;0.0;0.0;0.0;0.0;0.0;98.84649999999668;0.0;0.0;0.0;0.0;0.0;0.0;0.0;98.84649999999668;0.0;0.0;0.0;0.0;0.0;0.0;
209.99999999999946;19160.0;0.0;0.0;0.0;0.0;0.0;0.0;98.84649999999668;0.0;0.0;0.0;0.0;0.0;0.0;0.0;98.84649999999668;0.0;0.0;0.0;0.0;0.0;0.0;
